{"learning_rate": 0.06406184737593308, "grow_policy": "Lossguide", "depth": 5, "min_data_in_leaf": 8, "l2_leaf_reg": 6.655572412665073, "random_strength": 0.28920590675792207, "n_estimators": 1549, "bootstrap_type": "Bernoulli", "subsample": 0.7013650479559775, "task_type": "GPU", "early_stopping_rounds": 50}