{"max_depth": 4, "colsample_bytree": 0.18320084451142027, "subsample": 0.5486919446284679, "n_estimators": 1766, "learning_rate": 0.015042636277827695, "min_child_weight": 110}