{"num_leaves": 48, "max_depth": 2, "colsample_bytree": 0.331966239168324, "subsample": 0.8604963001825829, "n_estimators": 1475, "learning_rate": 0.03490543645203153, "min_child_samples": 28, "reg_alpha": 1.1952042211671667, "reg_lambda": 7.20369169824944, "device": "gpu", "gpu_use_dp": true, "objective": "regression"}