{"learning_rate": 0.04871792630668582, "grow_policy": "Lossguide", "depth": 6, "min_data_in_leaf": 19, "l2_leaf_reg": 6.754058760064696, "random_strength": 0.7124224289396048, "n_estimators": 1362, "bootstrap_type": "Bernoulli", "subsample": 0.6455500992584657, "task_type": "GPU", "early_stopping_rounds": 50}