{"num_leaves": 46, "max_depth": 8, "colsample_bytree": 0.23640721155194816, "subsample": 0.369943923490328, "n_estimators": 1324, "learning_rate": 0.011471492381076082, "min_child_samples": 99, "reg_alpha": 0.09154745540480011, "reg_lambda": 0.09578112704824263, "device": "gpu", "gpu_use_dp": true, "objective": "regression"}