{"num_leaves": 47, "max_depth": 5, "colsample_bytree": 0.23668371166606803, "subsample": 0.7226088902956536, "n_estimators": 1002, "learning_rate": 0.017200603033689654, "min_child_samples": 87, "reg_alpha": 0.027554875637981716, "reg_lambda": 0.04131649244905255, "device": "gpu", "gpu_use_dp": true, "objective": "regression"}