{"num_leaves": 60, "max_depth": 6, "colsample_bytree": 0.2040353129841023, "subsample": 0.708491288060911, "n_estimators": 1518, "learning_rate": 0.011957265339774753, "min_child_samples": 15, "reg_alpha": 1.2603421132422994, "reg_lambda": 8.423727640917658, "device": "gpu", "gpu_use_dp": true, "objective": "regression"}