{"max_depth": 6, "colsample_bytree": 0.10386573412920946, "subsample": 0.738637460804003, "n_estimators": 1799, "learning_rate": 0.01222358268409988, "min_child_weight": 77}