{"num_leaves": 62, "max_depth": 4, "colsample_bytree": 0.21145217388961554, "subsample": 0.5323716196645425, "n_estimators": 1960, "learning_rate": 0.01719673978697496, "min_child_samples": 45, "reg_alpha": 0.9149951442610191, "reg_lambda": 9.01087374025675, "device": "gpu", "gpu_use_dp": true, "objective": "regression"}