{"max_depth": 4, "colsample_bytree": 0.17444291582833313, "subsample": 0.8315384672150669, "n_estimators": 1596, "learning_rate": 0.018577061952511235, "min_child_weight": 70}