{"max_depth": 7, "colsample_bytree": 0.15986582333871072, "subsample": 0.7155181504387074, "n_estimators": 884, "learning_rate": 0.014404964631884891, "min_child_weight": 99}