{"learning_rate": 0.01719812885810849, "grow_policy": "Depthwise", "depth": 5, "min_data_in_leaf": 1, "l2_leaf_reg": 1.4075659177869462, "random_strength": 6.176903630714728, "n_estimators": 1917, "bootstrap_type": "Bernoulli", "subsample": 0.9808815139226349, "task_type": "GPU", "early_stopping_rounds": 50}