{"max_depth": 6, "colsample_bytree": 0.11018562921725454, "subsample": 0.8035459566551763, "n_estimators": 950, "learning_rate": 0.018800987605643377, "min_child_weight": 48}