{"num_leaves": 51, "max_depth": 5, "colsample_bytree": 0.21335213389258528, "subsample": 0.20066896717181626, "n_estimators": 1177, "learning_rate": 0.017497134941706616, "min_child_samples": 77, "reg_alpha": 0.07150358714370106, "reg_lambda": 0.09214762014336535, "device": "gpu", "gpu_use_dp": true, "objective": "regression"}