{"max_depth": 6, "colsample_bytree": 0.1899498386356105, "subsample": 0.893548049483956, "n_estimators": 939, "learning_rate": 0.02228801293964406, "min_child_weight": 89}