{"learning_rate": 0.012069191799314273, "grow_policy": "Depthwise", "depth": 8, "min_data_in_leaf": 21, "l2_leaf_reg": 1.8918573570002126, "random_strength": 4.632253518968906, "n_estimators": 860, "bootstrap_type": "Bernoulli", "subsample": 0.7158312735607544, "task_type": "GPU", "early_stopping_rounds": 50}