{"max_depth": 7, "colsample_bytree": 0.1095622657488886, "subsample": 0.8706654993908751, "n_estimators": 817, "learning_rate": 0.021020104462379174, "min_child_weight": 99}