{"max_depth": 3, "colsample_bytree": 0.2932383424068318, "subsample": 0.9899195867980621, "n_estimators": 1526, "learning_rate": 0.03407346040603873, "min_child_weight": 80}