{"learning_rate": 0.09250867058343483, "grow_policy": "Lossguide", "depth": 4, "min_data_in_leaf": 8, "l2_leaf_reg": 9.060419859455596, "random_strength": 2.851098837743707, "n_estimators": 1187, "bootstrap_type": "Bernoulli", "subsample": 0.7927697839762136, "task_type": "GPU", "early_stopping_rounds": 50}