{"min_child_samples": 33, "learning_rate": 0.06404920234971676, "reg_lambda": 9.732950897420704, "reg_alpha": 0.05166884007287417, "num_leaves": 37, "max_depth": 8, "max_bin": 116, "device": "cpu", "objective": "regression"}