{"num_leaves": 25, "max_depth": 5, "colsample_bytree": 0.22011158495460348, "subsample": 0.5373245627571336, "n_estimators": 1128, "learning_rate": 0.015115337203416566, "min_child_samples": 86, "reg_alpha": 0.07270823855541941, "reg_lambda": 0.024366733232548232, "device": "gpu", "gpu_use_dp": true, "objective": "regression"}