{"learning_rate": 0.05491682916054387, "grow_policy": "Lossguide", "depth": 6, "min_data_in_leaf": 5, "l2_leaf_reg": 1.9599483952785932, "random_strength": 6.957242248187078, "n_estimators": 1870, "bootstrap_type": "Bernoulli", "subsample": 0.8646459088430101, "task_type": "GPU", "early_stopping_rounds": 50}