{"learning_rate": 0.013238940313411374, "grow_policy": "Lossguide", "depth": 6, "min_data_in_leaf": 27, "l2_leaf_reg": 3.7661011338853094, "random_strength": 5.177104376092453, "n_estimators": 1431, "bootstrap_type": "Bernoulli", "subsample": 0.8759237616342921, "task_type": "GPU", "early_stopping_rounds": 50}