{"num_leaves": 34, "max_depth": 6, "colsample_bytree": 0.22294053571081904, "subsample": 0.6115474381105649, "n_estimators": 695, "learning_rate": 0.014594266643011151, "min_child_samples": 20, "reg_alpha": 0.36203233319219014, "reg_lambda": 7.261435216720019, "device": "gpu", "gpu_use_dp": true, "objective": "regression"}