{"max_depth": 5, "colsample_bytree": 0.10057405265411605, "subsample": 0.8048422270268795, "n_estimators": 780, "learning_rate": 0.026192143391064498, "min_child_weight": 106}