{"num_leaves": 21, "max_depth": 2, "colsample_bytree": 0.22144944989667764, "subsample": 0.8978603283071903, "n_estimators": 1070, "learning_rate": 0.038750307892781416, "min_child_samples": 28, "reg_alpha": 1.6592829665459696, "reg_lambda": 7.197737937953928, "device": "gpu", "gpu_use_dp": true, "objective": "regression"}