{"min_child_samples": 41, "learning_rate": 0.047427837169059496, "reg_lambda": 9.256404960665146, "reg_alpha": 0.05127438126172515, "num_leaves": 59, "max_depth": 8, "max_bin": 124, "device": "cpu", "objective": "regression"}