{"max_depth": 5, "colsample_bytree": 0.2701584593272189, "subsample": 0.9406021460712866, "n_estimators": 1818, "learning_rate": 0.010233831588134701, "min_child_weight": 71}