{"max_depth": 4, "colsample_bytree": 0.13017906304264001, "subsample": 0.7127773093006884, "n_estimators": 625, "learning_rate": 0.09292950940705247, "min_child_weight": 96}