{"learning_rate": 0.05562394926095873, "grow_policy": "Lossguide", "depth": 6, "min_data_in_leaf": 3, "l2_leaf_reg": 8.860237949741663, "random_strength": 4.858106195381998, "n_estimators": 1171, "bootstrap_type": "Bernoulli", "subsample": 0.802775193909236, "task_type": "GPU", "early_stopping_rounds": 50}