{"max_depth": 5, "colsample_bytree": 0.0734969454131914, "subsample": 0.9825130319701536, "n_estimators": 1508, "learning_rate": 0.01666518298241023, "min_child_weight": 97}