ID,prediction
28800,1.4800000199999999
28801,2.2200000299999996
28802,0.7400000099999999
