ID,prediction
28800,3.8999999999999995
28801,6.300000000000001
28802,2.4
